id,name,category,brand,type,price,rating,stock_status,battery_hours,weight_g,features,description
HP-001,Auralis Studio ANC Pro,headphones,Auralis,over_ear,11999,4.7,in_stock,38,265,"wireless,active_noise_cancellation,microphone,foldable,fast_charging,multipoint","A over-ear model with Bluetooth connectivity, active noise cancellation, a built-in mic. About 38 h of playback."
HP-002,Auralis Air Lite,headphones,Auralis,over_ear,3499,4.2,in_stock,32,215,"wireless,microphone,foldable","A over-ear model with Bluetooth connectivity, a built-in mic, a foldable frame. About 32 h of playback."
HP-003,Auralis Pulse ANC,headphones,Auralis,over_ear,4799,4.4,in_stock,40,245,"wireless,active_noise_cancellation,microphone,fast_charging","A over-ear model with Bluetooth connectivity, active noise cancellation, a built-in mic. About 40 h of playback."
HP-004,Auralis Buds Go,headphones,Auralis,in_ear,1999,4.0,in_stock,20,9,"wireless,microphone,water_resistant","A in-ear model with Bluetooth connectivity, a built-in mic, a sweat and splash resistant build. About 20 h of playback."
HP-005,Auralis Buds ANC,headphones,Auralis,in_ear,5499,4.5,out_of_stock,28,10,"wireless,active_noise_cancellation,microphone,water_resistant,fast_charging,multipoint","A in-ear model with Bluetooth connectivity, active noise cancellation, a built-in mic. About 28 h of playback."
HP-006,SonicNest Rumble 500,headphones,SonicNest,over_ear,2799,4.1,in_stock,45,290,"wireless,microphone,bass_boost,foldable","A over-ear model with Bluetooth connectivity, a built-in mic, punchy bass tuning. About 45 h of playback."
HP-007,SonicNest Rumble ANC,headphones,SonicNest,over_ear,4299,4.3,in_stock,50,280,"wireless,active_noise_cancellation,microphone,bass_boost,fast_charging","A over-ear model with Bluetooth connectivity, active noise cancellation, a built-in mic. About 50 h of playback."
HP-008,SonicNest Wired Studio,headphones,SonicNest,over_ear,1499,4.3,in_stock,0,240,"microphone,foldable","A over-ear model with a built-in mic, a foldable frame. Wired, no charging needed."
HP-009,SonicNest Sprint Buds,headphones,SonicNest,in_ear,1299,3.9,in_stock,18,8,"wireless,microphone,water_resistant,low_latency","A in-ear model with Bluetooth connectivity, a built-in mic, a sweat and splash resistant build. About 18 h of playback."
HP-010,SonicNest Rumble Mini,headphones,SonicNest,on_ear,1899,4.0,in_stock,35,170,"wireless,microphone,bass_boost,foldable","A on-ear model with Bluetooth connectivity, a built-in mic, punchy bass tuning. About 35 h of playback."
HP-011,BeatForge Gamer X1,headphones,BeatForge,over_ear,3999,4.2,in_stock,30,310,"wireless,microphone,low_latency,bass_boost","A over-ear model with Bluetooth connectivity, a built-in mic, a low-latency mode. About 30 h of playback."
HP-012,BeatForge Gamer X2 Pro,headphones,BeatForge,over_ear,6499,4.5,in_stock,35,320,"wireless,active_noise_cancellation,microphone,low_latency,multipoint","A over-ear model with Bluetooth connectivity, active noise cancellation, a built-in mic. About 35 h of playback."
HP-013,BeatForge Wired Arena,headphones,BeatForge,over_ear,2199,4.2,in_stock,0,300,"microphone,low_latency,bass_boost","A over-ear model with a built-in mic, a low-latency mode, punchy bass tuning. Wired, no charging needed."
HP-014,BeatForge Dash Buds,headphones,BeatForge,in_ear,2499,4.1,in_stock,24,10,"wireless,microphone,low_latency,water_resistant,fast_charging","A in-ear model with Bluetooth connectivity, a built-in mic, a low-latency mode. About 24 h of playback."
HP-015,BeatForge Dash Neckband,headphones,BeatForge,in_ear,1599,4.0,in_stock,30,38,"wireless,microphone,water_resistant,fast_charging","A in-ear model with Bluetooth connectivity, a built-in mic, a sweat and splash resistant build. About 30 h of playback."
HP-016,Zenwave Calm 700 ANC,headphones,Zenwave,over_ear,8999,4.6,in_stock,45,250,"wireless,active_noise_cancellation,microphone,foldable,multipoint,fast_charging","A over-ear model with Bluetooth connectivity, active noise cancellation, a built-in mic. About 45 h of playback."
HP-017,Zenwave Calm 300,headphones,Zenwave,over_ear,2599,4.0,in_stock,28,230,"wireless,foldable","A over-ear model with Bluetooth connectivity, a foldable frame. About 28 h of playback."
HP-018,Zenwave Focus ANC,headphones,Zenwave,over_ear,5999,4.4,out_of_stock,42,255,"wireless,active_noise_cancellation,microphone,multipoint","A over-ear model with Bluetooth connectivity, active noise cancellation, a built-in mic. About 42 h of playback."
HP-019,Zenwave Whisper Buds,headphones,Zenwave,in_ear,3299,4.3,in_stock,22,9,"wireless,active_noise_cancellation,microphone,water_resistant","A in-ear model with Bluetooth connectivity, active noise cancellation, a built-in mic. About 22 h of playback."
HP-020,Zenwave Whisper Buds Lite,headphones,Zenwave,in_ear,999,3.8,in_stock,14,8,"wireless,microphone","A in-ear model with Bluetooth connectivity, a built-in mic. About 14 h of playback."
HP-021,PulseAudio Commuter 200,headphones,PulseAudio,on_ear,2299,4.1,in_stock,40,175,"wireless,microphone,foldable,fast_charging","A on-ear model with Bluetooth connectivity, a built-in mic, a foldable frame. About 40 h of playback."
HP-022,PulseAudio Commuter ANC,headphones,PulseAudio,over_ear,5299,4.4,in_stock,48,235,"wireless,active_noise_cancellation,microphone,foldable,fast_charging","A over-ear model with Bluetooth connectivity, active noise cancellation, a built-in mic. About 48 h of playback."
HP-023,PulseAudio Run 5,headphones,PulseAudio,in_ear,2999,4.2,in_stock,16,12,"wireless,microphone,water_resistant,fast_charging","A in-ear model with Bluetooth connectivity, a built-in mic, a sweat and splash resistant build. About 16 h of playback."
HP-024,PulseAudio Run 5 Sport,headphones,PulseAudio,in_ear,3699,4.3,in_stock,20,13,"wireless,microphone,water_resistant,fast_charging,multipoint","A in-ear model with Bluetooth connectivity, a built-in mic, a sweat and splash resistant build. About 20 h of playback."
HP-025,PulseAudio Basic Wired,headphones,PulseAudio,in_ear,599,3.6,in_stock,0,12,microphone,"A in-ear model with a built-in mic. Wired, no charging needed."
HP-026,Echoline Horizon 1,headphones,Echoline,over_ear,3199,4.3,in_stock,36,205,"wireless,microphone,foldable,fast_charging","A over-ear model with Bluetooth connectivity, a built-in mic, a foldable frame. About 36 h of playback."
HP-027,Echoline Horizon ANC,headphones,Echoline,over_ear,5799,4.5,in_stock,44,225,"wireless,active_noise_cancellation,microphone,foldable,fast_charging,multipoint","A over-ear model with Bluetooth connectivity, active noise cancellation, a built-in mic. About 44 h of playback."
HP-028,Echoline Horizon Max,headphones,Echoline,over_ear,9499,4.7,in_stock,55,270,"wireless,active_noise_cancellation,microphone,foldable,multipoint,fast_charging","A over-ear model with Bluetooth connectivity, active noise cancellation, a built-in mic. About 55 h of playback."
HP-029,Echoline Pocket Buds,headphones,Echoline,in_ear,1799,4.0,out_of_stock,18,9,"wireless,microphone,water_resistant","A in-ear model with Bluetooth connectivity, a built-in mic, a sweat and splash resistant build. About 18 h of playback."
HP-030,Echoline Pocket Buds ANC,headphones,Echoline,in_ear,3999,4.3,in_stock,24,10,"wireless,active_noise_cancellation,microphone,water_resistant,fast_charging","A in-ear model with Bluetooth connectivity, active noise cancellation, a built-in mic. About 24 h of playback."
HP-031,Tunely Everyday 100,headphones,Tunely,on_ear,1199,3.9,in_stock,30,165,"wireless,microphone,foldable","A on-ear model with Bluetooth connectivity, a built-in mic, a foldable frame. About 30 h of playback."
HP-032,Tunely Everyday 200,headphones,Tunely,over_ear,1999,4.0,in_stock,34,235,"wireless,microphone,foldable","A over-ear model with Bluetooth connectivity, a built-in mic, a foldable frame. About 34 h of playback."
HP-033,Tunely Everyday ANC,headphones,Tunely,over_ear,3699,4.2,in_stock,38,240,"wireless,active_noise_cancellation,microphone","A over-ear model with Bluetooth connectivity, active noise cancellation, a built-in mic. About 38 h of playback."
HP-034,Tunely Studio Wired,headphones,Tunely,over_ear,2899,4.4,in_stock,0,255,"microphone,foldable","A over-ear model with a built-in mic, a foldable frame. Wired, no charging needed."
HP-035,Tunely Feather,headphones,Tunely,on_ear,3599,4.3,in_stock,32,125,"wireless,microphone,foldable,fast_charging,multipoint","A on-ear model with Bluetooth connectivity, a built-in mic, a foldable frame. About 32 h of playback."
HP-036,Boltbeat Volt 1,headphones,Boltbeat,in_ear,799,3.7,in_stock,12,8,"wireless,microphone","A in-ear model with Bluetooth connectivity, a built-in mic. About 12 h of playback."
HP-037,Boltbeat Volt ANC,headphones,Boltbeat,in_ear,2699,4.0,in_stock,20,9,"wireless,active_noise_cancellation,microphone,fast_charging","A in-ear model with Bluetooth connectivity, active noise cancellation, a built-in mic. About 20 h of playback."
HP-038,Boltbeat Surge Over,headphones,Boltbeat,over_ear,1799,3.9,in_stock,30,260,"wireless,microphone,bass_boost","A over-ear model with Bluetooth connectivity, a built-in mic, punchy bass tuning. About 30 h of playback."
HP-039,Boltbeat Surge ANC,headphones,Boltbeat,over_ear,3299,4.1,in_stock,36,270,"wireless,active_noise_cancellation,microphone,bass_boost,fast_charging","A over-ear model with Bluetooth connectivity, active noise cancellation, a built-in mic. About 36 h of playback."
HP-040,Boltbeat Surge Pro,headphones,Boltbeat,over_ear,4999,4.3,out_of_stock,42,275,"wireless,active_noise_cancellation,microphone,bass_boost,multipoint,fast_charging","A over-ear model with Bluetooth connectivity, active noise cancellation, a built-in mic. About 42 h of playback."
HP-041,Melodix Vinyl 1,headphones,Melodix,over_ear,3999,4.4,in_stock,28,300,"wireless,microphone,foldable","A over-ear model with Bluetooth connectivity, a built-in mic, a foldable frame. About 28 h of playback."
HP-042,Melodix Vinyl ANC,headphones,Melodix,over_ear,7499,4.6,in_stock,40,260,"wireless,active_noise_cancellation,microphone,foldable,multipoint,fast_charging","A over-ear model with Bluetooth connectivity, active noise cancellation, a built-in mic. About 40 h of playback."
HP-043,Melodix Sprout,headphones,Melodix,on_ear,1499,4.0,in_stock,28,160,"wireless,microphone,foldable,water_resistant","A on-ear model with Bluetooth connectivity, a built-in mic, a foldable frame. About 28 h of playback."
HP-044,Melodix Sprout ANC,headphones,Melodix,on_ear,3399,4.2,in_stock,34,185,"wireless,active_noise_cancellation,microphone,foldable,fast_charging","A on-ear model with Bluetooth connectivity, active noise cancellation, a built-in mic. About 34 h of playback."
HP-045,Clearsound Office 1,headphones,Clearsound,over_ear,4499,4.5,in_stock,35,200,"wireless,active_noise_cancellation,microphone,multipoint,fast_charging","A over-ear model with Bluetooth connectivity, active noise cancellation, a built-in mic. About 35 h of playback."
HP-046,Clearsound Office Lite,headphones,Clearsound,on_ear,2399,4.2,in_stock,32,150,"wireless,microphone,multipoint,foldable","A on-ear model with Bluetooth connectivity, a built-in mic, multipoint pairing. About 32 h of playback."
HP-047,Clearsound Office ANC Max,headphones,Clearsound,over_ear,10499,4.6,out_of_stock,52,230,"wireless,active_noise_cancellation,microphone,multipoint,fast_charging,foldable","A over-ear model with Bluetooth connectivity, active noise cancellation, a built-in mic. About 52 h of playback."
